epoch,time,train/box_loss,train/cls_loss,train/dfl_loss,metrics/precision(B),metrics/recall(B),metrics/mAP50(B),metrics/mAP50-95(B),val/box_loss,val/cls_loss,val/dfl_loss,lr/pg0,lr/pg1,lr/pg2,lr/pg3,lr/pg4,lr/pg5,lr/pg6,lr/pg7
1,173.496,0.91247,6.48778,1.35287,4e-05,0.00618,0.00023,0.00022,0.95502,6.02881,1.09324,0.00998403,0.00332801,0.00998403,0.00332801,0.00998403,0.00332801,0.00998403,0.00332801
2,328.99,0.528,5.73281,1.08475,0.00012,0.01777,0.00016,0.00016,0.30665,5.18154,0.35942,0.0197862,0.00659539,0.0197862,0.00659539,0.0197862,0.00659539,0.0197862,0.00659539
3,464.958,0.5536,5.62471,1.07632,1e-05,0.00772,0.00033,0.00032,1.13099,6.21257,1.02361,0.0293903,0.00979678,0.0293903,0.00979678,0.0293903,0.00979678,0.0293903,0.00979678
4,600.765,0.52686,5.63326,1.04512,4e-05,0.01133,0.00053,0.00052,3.02821,5.69897,6.85727,0.029109,0.009703,0.029109,0.009703,0.029109,0.009703,0.029109,0.009703
5,736.613,0.44583,5.5131,1.00469,0.00019,0.03965,0.00085,0.00085,0.26046,5.23929,0.35401,0.028812,0.009604,0.028812,0.009604,0.028812,0.009604,0.028812,0.009604
6,872.572,0.40079,5.38052,0.98684,0.00035,0.05433,0.00193,0.00186,0.3107,5.11111,0.37171,0.028515,0.009505,0.028515,0.009505,0.028515,0.009505,0.028515,0.009505
7,1009.38,0.36633,5.26338,0.97085,0.00042,0.08162,0.0032,0.00318,0.24912,4.99885,0.30979,0.028218,0.009406,0.028218,0.009406,0.028218,0.009406,0.028218,0.009406
8,1148.37,0.33596,5.15746,0.95661,0.00074,0.07286,0.00299,0.00297,0.1947,4.91744,0.29342,0.027921,0.009307,0.027921,0.009307,0.027921,0.009307,0.027921,0.009307
9,1292.81,0.31775,5.0665,0.95223,0.00103,0.10299,0.00474,0.00473,0.17061,4.78952,0.2614,0.027624,0.009208,0.027624,0.009208,0.027624,0.009208,0.027624,0.009208
10,1433.4,0.29047,4.9724,0.93927,0.00169,0.16675,0.01016,0.01014,0.20492,4.66961,0.28836,0.027327,0.009109,0.027327,0.009109,0.027327,0.009109,0.027327,0.009109
11,1575.69,0.2761,4.87412,0.93504,0.00202,0.21009,0.01373,0.01362,0.16475,4.58377,0.27332,0.02703,0.00901,0.02703,0.00901,0.02703,0.00901,0.02703,0.00901
12,1716.71,0.25529,4.76399,0.92633,0.00325,0.26167,0.01889,0.01885,0.18915,4.49835,0.29214,0.026733,0.008911,0.026733,0.008911,0.026733,0.008911,0.026733,0.008911
13,1858.63,0.2426,4.65688,0.92421,0.00451,0.33445,0.02881,0.02881,0.10779,4.33936,0.23223,0.026436,0.008812,0.026436,0.008812,0.026436,0.008812,0.026436,0.008812
14,2000.59,0.23156,4.54691,0.92099,0.0076,0.41873,0.04884,0.04883,0.11843,4.21014,0.23695,0.026139,0.008713,0.026139,0.008713,0.026139,0.008713,0.026139,0.008713
15,2142.57,0.21894,4.44446,0.91785,0.00944,0.49288,0.06591,0.06589,0.12974,4.07933,0.23511,0.025842,0.008614,0.025842,0.008614,0.025842,0.008614,0.025842,0.008614
16,2285.37,0.20839,4.34466,0.91437,0.01194,0.61148,0.08626,0.08617,0.15749,3.96026,0.25449,0.025545,0.008515,0.025545,0.008515,0.025545,0.008515,0.025545,0.008515
17,2430.13,0.20236,4.2625,0.91502,0.01515,0.71559,0.14494,0.14456,0.12611,3.8199,0.24267,0.025248,0.008416,0.025248,0.008416,0.025248,0.008416,0.025248,0.008416
18,2573.38,0.19683,4.18056,0.91465,0.01716,0.76716,0.17141,0.17079,0.16841,3.66578,0.26791,0.024951,0.008317,0.024951,0.008317,0.024951,0.008317,0.024951,0.008317
19,2718.01,0.18954,4.10717,0.9129,0.0219,0.83711,0.22276,0.22274,0.09388,3.49268,0.22196,0.024654,0.008218,0.024654,0.008218,0.024654,0.008218,0.024654,0.008218
20,2860.9,0.18686,4.02345,0.91185,0.02095,0.87942,0.26488,0.26488,0.06695,3.37801,0.21177,0.024357,0.008119,0.024357,0.008119,0.024357,0.008119,0.024357,0.008119
21,3000.73,0.18303,3.95029,0.91069,0.02374,0.91752,0.30408,0.30408,0.0668,3.26744,0.19722,0.02406,0.00802,0.02406,0.00802,0.02406,0.00802,0.02406,0.00802
22,3143.6,0.18019,3.88523,0.91067,0.02598,0.94542,0.38021,0.38017,0.09377,3.13505,0.21556,0.023763,0.007921,0.023763,0.007921,0.023763,0.007921,0.023763,0.007921
23,3283.78,0.17565,3.81372,0.90868,0.20616,0.73402,0.42967,0.42967,0.07374,3.03343,0.20261,0.023466,0.007822,0.023466,0.007822,0.023466,0.007822,0.023466,0.007822
24,3424.34,0.17062,3.75023,0.90759,0.71563,0.27483,0.47657,0.47657,0.06415,2.91291,0.20269,0.023169,0.007723,0.023169,0.007723,0.023169,0.007723,0.023169,0.007723
25,3568.13,0.16798,3.68594,0.90783,0.79031,0.21588,0.51342,0.51342,0.05709,2.81053,0.19291,0.022872,0.007624,0.022872,0.007624,0.022872,0.007624,0.022872,0.007624
26,3707.68,0.16516,3.6243,0.90596,0.76332,0.26115,0.54607,0.54607,0.05377,2.69034,0.19099,0.022575,0.007525,0.022575,0.007525,0.022575,0.007525,0.022575,0.007525
27,3848.11,0.16193,3.56682,0.9058,0.73338,0.31768,0.57672,0.57672,0.05626,2.6051,0.19307,0.022278,0.007426,0.022278,0.007426,0.022278,0.007426,0.022278,0.007426
28,3986.59,0.15721,3.50557,0.9062,0.71049,0.37452,0.62382,0.62382,0.0715,2.50031,0.19939,0.021981,0.007327,0.021981,0.007327,0.021981,0.007327,0.021981,0.007327
29,4127.62,0.15851,3.45139,0.90691,0.69969,0.40284,0.66021,0.66021,0.06206,2.40384,0.19549,0.021684,0.007228,0.021684,0.007228,0.021684,0.007228,0.021684,0.007228
30,4267.77,0.15373,3.38599,0.90422,0.67564,0.44873,0.68561,0.68561,0.05213,2.33276,0.19069,0.021387,0.007129,0.021387,0.007129,0.021387,0.007129,0.021387,0.007129
31,4407.87,0.15275,3.34494,0.90542,0.64508,0.50039,0.70875,0.70875,0.04583,2.22938,0.18769,0.02109,0.00703,0.02109,0.00703,0.02109,0.00703,0.02109,0.00703
32,4547.59,0.14769,3.28855,0.90368,0.62173,0.5369,0.73698,0.73698,0.04611,2.13149,0.18745,0.020793,0.006931,0.020793,0.006931,0.020793,0.006931,0.020793,0.006931
33,4687.33,0.14616,3.23834,0.902,0.60515,0.5784,0.75574,0.75574,0.04587,2.06212,0.1851,0.020496,0.006832,0.020496,0.006832,0.020496,0.006832,0.020496,0.006832
34,4827.5,0.14462,3.19954,0.90196,0.59649,0.62875,0.78268,0.78268,0.04088,1.98171,0.18677,0.020199,0.006733,0.020199,0.006733,0.020199,0.006733,0.020199,0.006733
35,4967.24,0.1423,3.15983,0.9027,0.59438,0.65707,0.80551,0.80551,0.04527,1.90595,0.1874,0.019902,0.006634,0.019902,0.006634,0.019902,0.006634,0.019902,0.006634
36,5106.75,0.14238,3.10416,0.90182,0.57608,0.69994,0.82201,0.82201,inf,1.8299,0.18809,0.019605,0.006535,0.019605,0.006535,0.019605,0.006535,0.019605,0.006535
37,5246.68,0.13929,3.05816,0.89982,0.57467,0.72731,0.84386,0.84386,0.04551,1.76431,0.18588,0.019308,0.006436,0.019308,0.006436,0.019308,0.006436,0.019308,0.006436
38,5386.74,0.13648,3.01796,0.89987,0.57515,0.7524,0.85414,0.85414,inf,1.69671,0.1861,0.019011,0.006337,0.019011,0.006337,0.019011,0.006337,0.019011,0.006337
39,5526.92,0.136,2.9709,0.90047,0.57927,0.7628,0.86107,0.86107,0.05233,1.63454,0.18876,0.018714,0.006238,0.018714,0.006238,0.018714,0.006238,0.018714,0.006238
40,5666.61,0.13566,2.9281,0.90018,0.57394,0.7791,0.88158,0.88158,0.05318,1.5651,0.18858,0.018417,0.006139,0.018417,0.006139,0.018417,0.006139,0.018417,0.006139
41,5806.02,0.13117,2.8906,0.8992,0.57159,0.80577,0.89427,0.89427,inf,1.50405,0.18702,0.01812,0.00604,0.01812,0.00604,0.01812,0.00604,0.01812,0.00604
42,5945.92,0.1298,2.85165,0.89876,0.57009,0.8208,0.90396,0.90396,inf,1.44528,0.18718,0.017823,0.005941,0.017823,0.005941,0.017823,0.005941,0.017823,0.005941
43,6086.33,0.12754,2.7951,0.89827,0.57587,0.83057,0.91166,0.91166,0.05004,1.38946,0.18694,0.017526,0.005842,0.017526,0.005842,0.017526,0.005842,0.017526,0.005842
44,6227.19,0.12722,2.76364,0.89846,0.58112,0.84221,0.91838,0.91838,0.05055,1.33133,0.18628,0.017229,0.005743,0.017229,0.005743,0.017229,0.005743,0.017229,0.005743
45,6367.22,0.12647,2.72807,0.89888,0.58642,0.85079,0.92526,0.92526,0.04947,1.27712,0.18574,0.016932,0.005644,0.016932,0.005644,0.016932,0.005644,0.016932,0.005644
46,6507.57,0.12222,2.69288,0.89744,0.59403,0.85488,0.93023,0.93023,inf,1.23146,0.18504,0.016635,0.005545,0.016635,0.005545,0.016635,0.005545,0.016635,0.005545
47,6647.28,inf,2.64178,0.89661,0.6058,0.85455,0.93572,0.93572,inf,1.18422,0.18465,0.016338,0.005446,0.016338,0.005446,0.016338,0.005446,0.016338,0.005446
48,6787.85,0.12018,2.63347,0.89746,0.60897,0.86278,0.94024,0.94024,0.04553,1.13913,0.18345,0.016041,0.005347,0.016041,0.005347,0.016041,0.005347,0.016041,0.005347
49,6927.6,0.12081,2.58932,0.89649,0.61641,0.86473,0.94393,0.94393,inf,1.0992,0.18301,0.015744,0.005248,0.015744,0.005248,0.015744,0.005248,0.015744,0.005248
50,7067.12,0.11682,2.55098,0.89547,0.62444,0.86774,0.94669,0.94669,inf,1.06133,0.18313,0.015447,0.005149,0.015447,0.005149,0.015447,0.005149,0.015447,0.005149
51,7207.52,0.11731,2.52897,0.89543,0.6283,0.87094,0.94882,0.94882,0.04398,1.02549,0.18272,0.01515,0.00505,0.01515,0.00505,0.01515,0.00505,0.01515,0.00505
52,7346.83,0.11516,2.50147,0.89538,0.63187,0.87492,0.95008,0.95008,inf,0.98977,0.18236,0.014853,0.004951,0.014853,0.004951,0.014853,0.004951,0.014853,0.004951
53,7486.13,0.11255,2.47258,0.89499,0.63675,0.87836,0.95349,0.95349,0.04327,0.96138,0.18234,0.014556,0.004852,0.014556,0.004852,0.014556,0.004852,0.014556,0.004852
54,7626.2,0.11183,2.46412,0.89348,0.63622,0.88903,0.95482,0.95482,0.04289,0.9332,0.18211,0.014259,0.004753,0.014259,0.004753,0.014259,0.004753,0.014259,0.004753
55,7766.21,0.11239,2.43864,0.89425,0.63545,0.89373,0.95692,0.95692,0.0432,0.90751,0.18221,0.013962,0.004654,0.013962,0.004654,0.013962,0.004654,0.013962,0.004654
56,7905.79,0.11058,2.42347,0.89474,0.64629,0.89241,0.9581,0.9581,inf,0.88575,0.18208,0.013665,0.004555,0.013665,0.004555,0.013665,0.004555,0.013665,0.004555
57,8045.75,0.10798,2.40495,0.89444,0.65499,0.88859,0.95955,0.95955,0.04309,0.86222,0.18163,0.013368,0.004456,0.013368,0.004456,0.013368,0.004456,0.013368,0.004456
58,8185.25,0.10684,2.39265,0.89322,0.6659,0.88353,0.96055,0.96055,inf,0.84283,0.18114,0.013071,0.004357,0.013071,0.004357,0.013071,0.004357,0.013071,0.004357
59,8325.14,0.10594,2.37562,0.89446,0.66528,0.89268,0.96164,0.96164,inf,0.82396,0.18064,0.012774,0.004258,0.012774,0.004258,0.012774,0.004258,0.012774,0.004258
60,8464.16,0.10367,2.36539,0.89299,0.67247,0.89156,0.96254,0.96254,0.04178,0.80602,0.1803,0.012477,0.004159,0.012477,0.004159,0.012477,0.004159,0.012477,0.004159
61,8603.32,0.10249,2.34601,0.89237,0.67378,0.89416,0.96297,0.96297,0.0413,0.7888,0.1799,0.01218,0.00406,0.01218,0.00406,0.01218,0.00406,0.01218,0.00406
62,8742.83,0.10224,2.34102,0.89287,0.68375,0.89096,0.96429,0.96429,0.04109,0.77268,0.17955,0.011883,0.003961,0.011883,0.003961,0.011883,0.003961,0.011883,0.003961
63,8882.22,0.10126,2.32061,0.89148,0.69295,0.88381,0.96506,0.96506,0.04085,0.75877,0.17954,0.011586,0.003862,0.011586,0.003862,0.011586,0.003862,0.011586,0.003862
64,9022.26,0.09689,2.29938,0.89013,0.69796,0.88288,0.96485,0.96485,0.0408,0.74583,0.17963,0.011289,0.003763,0.011289,0.003763,0.011289,0.003763,0.011289,0.003763
65,9160.47,0.09696,2.28489,0.88978,0.70373,0.88287,0.96544,0.96544,inf,0.73305,0.17981,0.010992,0.003664,0.010992,0.003664,0.010992,0.003664,0.010992,0.003664
66,9299.7,0.09805,2.27989,0.89013,0.71049,0.87838,0.96561,0.96561,inf,0.72099,0.17968,0.010695,0.003565,0.010695,0.003565,0.010695,0.003565,0.010695,0.003565
67,9439.16,0.09566,2.25765,0.89172,0.71597,0.87947,0.96621,0.96621,0.04051,0.70905,0.1796,0.010398,0.003466,0.010398,0.003466,0.010398,0.003466,0.010398,0.003466
68,9577.47,0.09358,2.27306,0.88835,0.72784,0.87592,0.96652,0.96652,0.0403,0.69592,0.17933,0.010101,0.003367,0.010101,0.003367,0.010101,0.003367,0.010101,0.003367
69,9715.91,inf,2.23387,0.89,0.7301,0.87661,0.96656,0.96656,inf,0.68519,0.17933,0.009804,0.003268,0.009804,0.003268,0.009804,0.003268,0.009804,0.003268
70,9859.27,0.09032,2.23817,0.89082,0.73143,0.87929,0.96682,0.96682,0.0399,0.6751,0.1792,0.009507,0.003169,0.009507,0.003169,0.009507,0.003169,0.009507,0.003169
71,10015.3,0.09018,2.2382,0.88914,0.73864,0.87732,0.9669,0.9669,0.03956,0.66386,0.17901,0.00921,0.00307,0.00921,0.00307,0.00921,0.00307,0.00921,0.00307
72,10168.3,0.088,2.22798,0.88945,0.73744,0.88019,0.96686,0.96686,0.03932,0.65394,0.17872,0.008913,0.002971,0.008913,0.002971,0.008913,0.002971,0.008913,0.002971
73,10320.1,0.08801,2.21434,0.89008,0.74097,0.88038,0.96772,0.96772,0.0394,0.64443,0.17898,0.008616,0.002872,0.008616,0.002872,0.008616,0.002872,0.008616,0.002872
74,10473.2,0.08648,2.19471,0.88853,0.74852,0.87914,0.96746,0.96746,0.03935,0.63563,0.17896,0.008319,0.002773,0.008319,0.002773,0.008319,0.002773,0.008319,0.002773
75,10631.3,0.08604,2.18405,0.88859,0.7533,0.8791,0.9672,0.9672,0.03919,0.62641,0.17872,0.008022,0.002674,0.008022,0.002674,0.008022,0.002674,0.008022,0.002674
76,10790.6,0.08376,2.17273,0.88779,0.75504,0.87925,0.96797,0.96797,inf,0.61807,0.17866,0.007725,0.002575,0.007725,0.002575,0.007725,0.002575,0.007725,0.002575
77,10941.3,0.08271,2.17531,0.88908,0.7592,0.87829,0.96823,0.96823,inf,0.60961,0.17867,0.007428,0.002476,0.007428,0.002476,0.007428,0.002476,0.007428,0.002476
78,11092.9,0.07978,2.16542,0.88606,0.74853,0.88763,0.96831,0.96831,inf,0.6017,0.17869,0.007131,0.002377,0.007131,0.002377,0.007131,0.002377,0.007131,0.002377
79,11246.9,0.07921,2.14713,0.88773,0.75159,0.8861,0.96857,0.96857,0.03955,0.5938,0.1786,0.006834,0.002278,0.006834,0.002278,0.006834,0.002278,0.006834,0.002278
80,11398.4,0.07853,2.14667,0.88689,0.757,0.88386,0.9693,0.9693,0.03962,0.58617,0.17844,0.006537,0.002179,0.006537,0.002179,0.006537,0.002179,0.006537,0.002179
81,11554.5,0.07741,2.13793,0.88691,0.7607,0.88385,0.96972,0.96972,0.0396,0.57785,0.17818,0.00624,0.00208,0.00624,0.00208,0.00624,0.00208,0.00624,0.00208
82,11706.2,0.07732,2.14154,0.88627,0.75834,0.88668,0.96955,0.96955,0.03955,0.56942,0.17798,0.005943,0.001981,0.005943,0.001981,0.005943,0.001981,0.005943,0.001981
83,11857.7,inf,2.13678,0.88603,0.74396,0.90045,0.97006,0.97006,0.03978,0.56144,0.17786,0.005646,0.001882,0.005646,0.001882,0.005646,0.001882,0.005646,0.001882
84,12009.2,0.07319,2.11898,0.88635,0.74897,0.8975,0.97006,0.97006,inf,0.55484,0.17792,0.005349,0.001783,0.005349,0.001783,0.005349,0.001783,0.005349,0.001783
85,12162.7,0.07225,2.12102,0.88782,0.75292,0.8983,0.97006,0.97006,0.03991,0.54771,0.17775,0.005052,0.001684,0.005052,0.001684,0.005052,0.001684,0.005052,0.001684
86,12315.4,0.07387,2.10723,0.88531,0.75948,0.89704,0.97032,0.97032,0.03959,0.5407,0.17757,0.004755,0.001585,0.004755,0.001585,0.004755,0.001585,0.004755,0.001585
87,12468.8,0.07091,2.10604,0.8877,0.76946,0.89095,0.97058,0.97058,inf,0.53347,0.1773,0.004458,0.001486,0.004458,0.001486,0.004458,0.001486,0.004458,0.001486
88,12618.4,inf,2.08699,0.88607,0.77247,0.89276,0.97032,0.97032,inf,0.5258,0.17707,0.004161,0.001387,0.004161,0.001387,0.004161,0.001387,0.004161,0.001387
89,12765.7,0.06717,2.0812,0.88408,0.77705,0.89286,0.97058,0.97058,inf,0.51947,0.17684,0.003864,0.001288,0.003864,0.001288,0.003864,0.001288,0.003864,0.001288
90,12916.7,0.06709,2.08527,0.88546,0.78132,0.89255,0.97075,0.97075,inf,0.5116,0.17647,0.003567,0.001189,0.003567,0.001189,0.003567,0.001189,0.003567,0.001189
91,13072.2,0.03513,0.14359,0.86792,0.78376,0.89297,0.97092,0.97092,0.03823,0.50345,0.17614,0.00327,0.00109,0.00327,0.00109,0.00327,0.00109,0.00327,0.00109
92,13230.3,0.03115,0.12143,0.86917,0.78453,0.89382,0.97092,0.97092,inf,0.49564,0.17595,0.002973,0.000991,0.002973,0.000991,0.002973,0.000991,0.002973,0.000991
93,13386.6,inf,0.11121,0.86972,0.78805,0.89282,0.97092,0.97092,inf,0.48766,0.17573,0.002676,0.000892,0.002676,0.000892,0.002676,0.000892,0.002676,0.000892
94,13546,0.02757,0.10549,0.87065,0.79425,0.88936,0.97135,0.97135,0.03766,0.47956,0.17541,0.002379,0.000793,0.002379,0.000793,0.002379,0.000793,0.002379,0.000793
95,13707.4,0.02657,0.10092,0.86851,0.79853,0.88933,0.97117,0.97117,inf,0.4719,0.17515,0.002082,0.000694,0.002082,0.000694,0.002082,0.000694,0.002082,0.000694
96,13863.7,0.02561,0.09649,0.86984,0.81342,0.88186,0.97143,0.97143,inf,0.46473,0.17472,0.001785,0.000595,0.001785,0.000595,0.001785,0.000595,0.001785,0.000595
97,14023.8,0.02461,0.09132,0.86867,0.81333,0.88425,0.97143,0.97143,inf,0.45623,0.17415,0.001488,0.000496,0.001488,0.000496,0.001488,0.000496,0.001488,0.000496
98,14177,inf,0.08462,0.86973,0.82094,0.88299,0.97169,0.97169,inf,0.44814,0.17356,0.001191,0.000397,0.001191,0.000397,0.001191,0.000397,0.001191,0.000397
99,14326.2,0.02257,0.08313,0.86834,0.82288,0.88407,0.97203,0.97203,inf,0.44116,0.1731,0.000894,0.000298,0.000894,0.000298,0.000894,0.000298,0.000894,0.000298
100,14473.5,0.02167,0.08077,0.87154,0.82024,0.88839,0.97229,0.97229,0.03452,0.4333,0.17265,0.000597,0.000199,0.000597,0.000199,0.000597,0.000199,0.000597,0.000199
